neutral,Cameron
neutral,Jordan
neutral,Pat
neutral,Harper
neutral,Remi
neutral,Morgan
neutral,Marley
neutral,Sammy
neutral,Landry
neutral,Payton
neutral,Frankie
neutral,Justice
neutral,Finley
neutral,Hayden
neutral,Leighton
neutral,Dakota
neutral,Casey
neutral,Skyler
neutral,Alex
neutral,Taylor
feminine,Bella
feminine,Haley
feminine,Annabella
feminine,Zoey
feminine,Emma
feminine,Alice
feminine,Penelope
feminine,Adeline
feminine,Mary
feminine,Ella
masculine,Daniel
masculine,Aaron
masculine,Henry
masculine,Nicholas
masculine,David
masculine,Isaac
masculine,Justin
masculine,Jacob
masculine,John
masculine,Wyatt
